{"cameraMode":{"drawMode":0,"name":"Shaded","section":"Shading Mode"},"sceneLighting":true,"audioPlay":false,"sceneViewState":{"m_AlwaysRefresh":false,"showFog":true,"showSkybox":true,"showFlares":true,"showImageEffects":true,"showParticleSystems":true,"showVisualEffectGraphs":true,"m_FxEnabled":true},"in2DMode":false,"pivot":{"x":5.21959924697876,"y":0.32717567682266238,"z":-0.10621017217636109},"rotation":{"x":-0.013319690711796284,"y":0.9770911931991577,"z":-0.20245398581027986,"w":-0.06428689509630203},"size":2.2819013595581056,"orthographic":false}